{
    "name": "Aura, 概念",
    "icon": "naturesaura:gold_leaf",
    "category": "intro",
    "priority": true,
    "pages": [
        {
            "type": "text",
            "text": "与普遍的看法想法, $(aura) 不被储存在单一，流动的$(italic)节点$()，与之相反，它代表着自然世界中的一切。$(br)尽管它可以被触及，但利用其能量却需要一些技巧。当 $(aura) 被正确使用时，它可以协助机器$(thing)生产$()，$(thing)产生$()新创意和$(thing)利用$()整个世界中的一切。"
        },
        {
            "type": "text",
            "text": "但是，事情可没有那么容易。错误的使用它，特别是完全$(thing)脱离$()区域依赖，将可能导致收益减少。$(br)所以 $(aura) 丰富而有用的同时, 滥用它是不明智的。$(p)另外,基于你所处在的世界——尤其是$(item)维度$()，会表现出不同的 $(aura)，使一些机器工作方式不同。"
        },
        {
            "type":"text",
            "text":"当谈到 $(aura) 的工作原理，科学家目前为止还没有研究出。$(br)他们仅仅知道周围过度或不足（标准取决于正在使用的装置）的 $(aura) 将会导致效益减少。$(br)如果一个地区的 $(aura) 被耗尽后放置了新的生成器，该区域的 $(aura) 将不会重新填充。"
        },
        {
            "type":"text",
            "text":"相似的, 如果一个装置被放置在与富裕区域附近，它将优先利用该区域的灵气，随后使用其附近的区域。有时候， $(aura) 会四处移动来平衡自身。$(p)尽管此特性听起来非常复杂，结论是：让机械与 $(aura) 工作一段时间，以分析效果。"
        }
    ]
}
