{
    "name": "自然祭坛",
    "icon": "naturesaura:nature_altar",
    "category": "using",
    "advancement": "naturesaura:altar",
    "priority": true,
    "turnin": "naturesaura:infused_materials",
    "pages": [
        {
            "type": "text",
            "text": "当$(l:collecting/altar)自然祭坛$()已经收集了足够的$(#419600)灵气$()时，它可以用某些物质注入物品，将其转化为更为强力的材料。做法是将任意材料类物品放置在祭坛核心上，然后等待转换完成。$(br2)接下来的页面将列举出植物学家经常需要的强力材料。"
        },
        {
            "type": "multiblock",
            "multiblock_id": "naturesaura:altar",
            "text": "如何搭建$(item)自然祭坛$()"
        },
        {
            "type": "naturesaura:altar",
            "text": "制造$(item)灌注铁锭$()，一种被 $(#419600)灵气$()感化的材料，可以被用于制造多种魔法性的$(thing)自然物品$()。$(br)注意：材料的方块形式同样可以被注入。",
            "recipe": "naturesaura:infused_iron"
        },
        {
            "type": "naturesaura:altar",
            "text": "制造$(item)灌注石$()，一种受$(#419600)灵气$()影响的常见材料。",
            "recipe": "naturesaura:infused_stone"
        },
        {
            "type": "crafting",
            "recipe": "naturesaura:gold_brick",
            "text": "制作$(item)金色石砖$()，一种用来搭建$(item)自然祭坛$()的建筑材料"
        }
    ]
}
